SKU,Name,WarehouseLocation,WeightOz,Weight,Category,Tag1,Tag2,Tag3,Tag4,Tag5,CustomsDescription,CustomsValue,CustomsTariffNo,CustomsCountry,ThumbnailUrl,UPC,FillSku,Length,Width,Height,UseProductName,Active,SKUAlias,IsReturnable
"","Coffee:Cascara Tea Bulk","Midland","","","Tea","","","","","","","","","","","","","","","","","TRUE","","TRUE"
"","Coffee:Cascara Tea Tin","Midland","","","Tea","","","","","","","","","","","","","","","","","TRUE","","TRUE"
"","Commercial Equipment:Accessories","Midland","","","Commercial Equipment","","","","","","","","","","","","","","","","","TRUE","","TRUE"
"","Commercial Equipment:Brewers:Bonavita 1.0L Electric Kettle","Midland","","","Commercial Equipment","","","","","","","","","","","","","","","","","TRUE","","TRUE"
"","Commercial Equipment:Brewers:Bonavita 1.0L Variable Temp Kettle","Midland","","","Commercial Equipment","","","","","","","","","","","","","","","","","TRUE","","TRUE"
"","Commercial Equipment:Brewers:Bunn BREWWISE ICB Twin Coffee Brewer","Midland","","","Commercial Equipment","","","","","","","","","","","","","","","","","TRUE","","TRUE"
"","Commercial Equipment:Brewers:Bunn ICB - DV","Midland","","","Commercial Equipment","","","","","","","","","","","","","","","","","TRUE","","TRUE"
"","Commercial Equipment:Brewers:Curtis 1.5 Gallon Vaccum Server w/Stand","Midland","","","Commercial Equipment","","","","","","","","","","","","","","","","","TRUE","","TRUE"
"","Commercial Equipment:Brewers:Curtis ALP3GT12A000 12 Cup Coffee Brewer","Midland","","","Commercial Equipment","","","","","","","","","","","","","","","","","TRUE","","TRUE"
"","Commercial Equipment:Brewers:Curtis G3 1 gallon twin coffee brewer","Midland","","","Commercial Equipment","","","","","","","","","","","","","","","","","TRUE","","TRUE"
"","Commercial Equipment:Brewers:Curtis G4 1 Gallon Brewer","Midland","","","Commercial Equipment","","","","","","","","","","","","","","","","","TRUE","","TRUE"
"","Commercial Equipment:Brewers:Curtis G4 CGC Single Cup Brewer","Midland","","","Commercial Equipment","","","","","","","","","","","","","","","","","TRUE","","TRUE"
"","Commercial Equipment:Brewers:Curtis G4 Gemini Satellite 1.5 Gallon Twin Brewer","Midland","","","Commercial Equipment","","","","","","","","","","","","","","","","","TRUE","","TRUE"
"","Commercial Equipment:Brewers:Curtis Seraphim Single Cup Brewer","Midland","","","Commercial Equipment","","","","","","","","","","","","","","","","","TRUE","","TRUE"
"","Commercial Equipment:Brewers:Curtis Twin G4 Thermopro Brewer","Midland","","","Commercial Equipment","","","","","","","","","","","","","","","","","TRUE","","TRUE"
"","Commercial Equipment:Brewers:Fetco 2131 XTS Coffee Brewer","Midland","","","Commercial Equipment","","","","","","","","","","","","","","","","","TRUE","","TRUE"
"","Commercial Equipment:Brewers:Fetco 2132 XTS Coffee Brewer","Midland","","","Commercial Equipment","","","","","","","","","","","","","","","","","TRUE","","TRUE"
"","Commercial Equipment:Brewers:Fetco CBS-1131 V+","Midland","","","Commercial Equipment","","","","","","","","","","","","","","","","","TRUE","","TRUE"
"","Commercial Equipment:Brewers:Fetco CBS-2141 XTS 1.0 Gallon","Midland","","","Commercial Equipment","","","","","","","","","","","","","","","","","TRUE","","TRUE"
"","Commercial Equipment:Brewers:Fetco CBS-2142XTS","Midland","","","Commercial Equipment","","","","","","","","","","","","","","","","","TRUE","","TRUE"
"","Commercial Equipment:Brewers:Fetco CBS-2152 XTS 1.5 Gallon","Midland","","","Commercial Equipment","","","","","","","","","","","","","","","","","TRUE","","TRUE"
"","Commercial Equipment:Brewers:Fetco CBS-2152 XTS 2.0 Gallon","Midland","","","Commercial Equipment","","","","","","","","","","","","","","","","","TRUE","","TRUE"
"","Commercial Equipment:Brewers:Fetco L3S 1 Gal Funnel Assembly","Midland","","","Commercial Equipment","","","","","","","","","","","","","","","","","TRUE","","TRUE"
"","Commercial Equipment:Brewers:Fetco Luxus L4D Thermal Carafe w/ Stand","Midland","","","Commercial Equipment","","","","","","","","","","","","","","","","","TRUE","","TRUE"
"","Commercial Equipment:Brewers:Ground Control Cyclops Coffee Brewer","Midland","","","Commercial Equipment","","","","","","","","","","","","","","","","","TRUE","","TRUE"
"","Commercial Equipment:Brewers:Toddy Commercial Cold Brew System","Midland","","","Commercial Equipment","","","","","","","","","","","","","","","","","TRUE","","TRUE"
"","Commercial Equipment:Brewers:Toddy Commercial System Filters w/ Strainer","Midland","","","Commercial Equipment","","","","","","","","","","","","","","","","","TRUE","","TRUE"
"","Commercial Equipment:Cater Gator Coffee Server","Midland","","","Commercial Equipment","","","","","","","","","","","","","","","","","TRUE","","TRUE"
"","Commercial Equipment:Curtis Hot Water Dispenser (WB5N)","Midland","","","Commercial Equipment","","","","","","","","","","","","","","","","","TRUE","","TRUE"
"","Commercial Equipment:Curtis Thermal Carafe","Midland","","","Commercial Equipment","","","","","","","","","","","","","","","","","TRUE","","TRUE"
"","Commercial Equipment:Curtis Water Filter","Midland","","","Commercial Equipment","","","","","","","","","","","","","","","","","TRUE","","TRUE"
"","Commercial Equipment:Curtis1.0 Gallon Thermal Carafes","Midland","","","Commercial Equipment","","","","","","","","","","","","","","","","","TRUE","","TRUE"
"","Commercial Equipment:Down Payment","Midland","","","Commercial Equipment","","","","","","","","","","","","","","","","","TRUE","","TRUE"
"","Commercial Equipment:Dual Espresso Machine Water Filtration System","Midland","","","Commercial Equipment","","","","","","","","","","","","","","","","","TRUE","","TRUE"
"","Commercial Equipment:Espresso Machines:Harvest - Espresso Machine Payment Plan","Midland","","","Commercial Equipment","","","","","","","","","","","","","","","","","TRUE","","TRUE"
"","Commercial Equipment:Espresso Machines:Nuova Simonelli Appia II 3 Group Volumetric","Midland","","","Commercial Equipment","","","","","","","","","","","","","","","","","TRUE","","TRUE"
"","Commercial Equipment:Espresso Machines:Nuova Simonelli Appia II Compact 2-Group Semi-Automatic","Midland","","","Commercial Equipment","","","","","","","","","","","","","","","","","TRUE","","TRUE"
"","Commercial Equipment:Espresso Machines:Nuova Simonelli Aurelia II 2 Group Volumetric","Midland","","","Commercial Equipment","","","","","","","","","","","","","","","","","TRUE","","TRUE"
"","Commercial Equipment:Espresso Machines:Nuova Simonelli Aurelia II Volumetric 2-group","Midland","","","Commercial Equipment","","","","","","","","","","","","","","","","","TRUE","","TRUE"
"","Commercial Equipment:Espresso Machines:Nuova Simonelli Aurelia Wave 2 Group Volumetric","Midland","","","Commercial Equipment","","","","","","","","","","","","","","","","","TRUE","","TRUE"
"","Commercial Equipment:Espresso Machines:Nuova Simonelli Aurelia Wave 3 Group Volumetric","Midland","","","Commercial Equipment","","","","","","","","","","","","","","","","","TRUE","","TRUE"
"","Commercial Equipment:Espresso Machines:Nuova Simonelli Musica Espresso Machine","Midland","","","Commercial Equipment","","","","","","","","","","","","","","","","","TRUE","","TRUE"
"","Commercial Equipment:Espresso Machines:Rancilio Classe 5 USB 2-Group","Midland","","","Commercial Equipment","","","","","","","","","","","","","","","","","TRUE","","TRUE"
"","Commercial Equipment:Espresso Machines:Synesso sS200","Midland","","","Commercial Equipment","","","","","","","","","","","","","","","","","TRUE","","TRUE"
"","Commercial Equipment:Fetco 1.0 Gallon Capacity Pump lever Airpot","Midland","","","Commercial Equipment","","","","","","","","","","","","","","","","","TRUE","","TRUE"
"","Commercial Equipment:FETCO CBS-1132-V+ Twin Coffee Brewer","Midland","","","Commercial Equipment","","","","","","","","","","","","","","","","","TRUE","","TRUE"
"","Commercial Equipment:Fetco Hot Water Faucet","Midland","","","Commercial Equipment","","","","","","","","","","","","","","","","","TRUE","","TRUE"
"","Commercial Equipment:Fetco Metal Brew Basket","Midland","","","Commercial Equipment","","","","","","","","","","","","","","","","","TRUE","","TRUE"
"","Commercial Equipment:Grinder Repair","Midland","","","Commercial Equipment","","","","","","","","","","","","","","","","","TRUE","","TRUE"
"","Commercial Equipment:Grinders:Baratza Sette 270","Midland","","","Commercial Equipment","","","","","","","","","","","","","","","","","TRUE","","TRUE"
"","Commercial Equipment:Grinders:Baratza Virtuoso Grinder","Midland","","","Commercial Equipment","","","","","","","","","","","","","","","","","TRUE","","TRUE"
"","Commercial Equipment:Grinders:Bunn G3 Coffee Grinder","Midland","","","Commercial Equipment","","","","","","","","","","","","","","","","","TRUE","","TRUE"
"","Commercial Equipment:Grinders:Curtis ILGD-10 Twin 7.5 lb. Coffee Grinder","Midland","","","Commercial Equipment","","","","","","","","","","","","","","","","","TRUE","","TRUE"
"","Commercial Equipment:Grinders:Eureka Club E Espresso Grinder","Midland","","","Commercial Equipment","","","","","","","","","","","","","","","","","TRUE","","TRUE"
"","Commercial Equipment:Grinders:Eureka Olympus 75 E High Speed Espresso Grinder","Midland","","","Commercial Equipment","","","","","","","","","","","","","","","","","TRUE","","TRUE"
"","Commercial Equipment:Grinders:Eureka Zenith 65 E Hi-Speed Espresso Grinder","Midland","","","Commercial Equipment","","","","","","","","","","","","","","","","","TRUE","","TRUE"
"","Commercial Equipment:Grinders:Eureka Zenith 65e Espresso Grinder","Midland","","","Commercial Equipment","","","","","","","","","","","","","","","","","TRUE","","TRUE"
"","Commercial Equipment:Grinders:Fetco GR 1.2 Coffee Grinder","Midland","","","Commercial Equipment","","","","","","","","","","","","","","","","","TRUE","","TRUE"
"","Commercial Equipment:Grinders:Fetco GR 2.2 Coffee Grinder","Midland","","","Commercial Equipment","","","","","","","","","","","","","","","","","TRUE","","TRUE"
"","Commercial Equipment:Grinders:Fetco GR 2.3 Dual Grinder","Midland","","","Commercial Equipment","","","","","","","","","","","","","","","","","TRUE","","TRUE"
"","Commercial Equipment:Grinders:Mahlkonig EK43","Midland","","","Commercial Equipment","","","","","","","","","","","","","","","","","TRUE","","TRUE"
"","Commercial Equipment:Grinders:Mahlkonig EK43S","Midland","","","Commercial Equipment","","","","","","","","","","","","","","","","","TRUE","","TRUE"
"","Commercial Equipment:Grinders:Mahlkonig GH2","Midland","","","Commercial Equipment","","","","","","","","","","","","","","","","","TRUE","","TRUE"
"","Commercial Equipment:Grinders:Mahlkonig K30","Midland","","","Commercial Equipment","","","","","","","","","","","","","","","","","TRUE","","TRUE"
"","Commercial Equipment:Grinders:Mahlkonig K30 Air","Midland","","","Commercial Equipment","","","","","","","","","","","","","","","","","TRUE","","TRUE"
"","Commercial Equipment:Grinders:Mahlkonig K30 Twin","Midland","","","Commercial Equipment","","","","","","","","","","","","","","","","","TRUE","","TRUE"
"","Commercial Equipment:Grinders:Mahlkonig K30 Vario","Midland","","","Commercial Equipment","","","","","","","","","","","","","","","","","TRUE","","TRUE"
"","Commercial Equipment:Grinders:Mahlkonig Peak Espresso Grinder","Midland","","","Commercial Equipment","","","","","","","","","","","","","","","","","TRUE","","TRUE"
"","Commercial Equipment:Grinders:Mazzer Kony Espresso Grinder","Midland","","","Commercial Equipment","","","","","","","","","","","","","","","","","TRUE","","TRUE"
"","Commercial Equipment:Grinders:Mazzer Lux D Espresso Grinder","Midland","","","Commercial Equipment","","","","","","","","","","","","","","","","","TRUE","","TRUE"
"","Commercial Equipment:Grinders:Mazzer Major Espresso Grinder","Midland","","","Commercial Equipment","","","","","","","","","","","","","","","","","TRUE","","TRUE"
"","Commercial Equipment:Grinders:Mazzer Robur Espresso Grinder","Midland","","","Commercial Equipment","","","","","","","","","","","","","","","","","TRUE","","TRUE"
"","Commercial Equipment:Grinders:Mazzer Super Jolly Electronic","Midland","","","Commercial Equipment","","","","","","","","","","","","","","","","","TRUE","","TRUE"
"","Commercial Equipment:Grinders:Mythos Basic","Midland","","","Commercial Equipment","","","","","","","","","","","","","","","","","TRUE","","TRUE"
"","Commercial Equipment:Grinders:Mythos One Clima Pro","Midland","","","Commercial Equipment","","","","","","","","","","","","","","","","","TRUE","","TRUE"
"","Commercial Equipment:Grinders:Nuova Simonelli G60 On Demand","Midland","","","Commercial Equipment","","","","","","","","","","","","","","","","","TRUE","","TRUE"
"","Commercial Equipment:Grinders:Nuova Simonelli MDJ On Demand","Midland","","","Commercial Equipment","","","","","","","","","","","","","","","","","TRUE","","TRUE"
"","Commercial Equipment:Grinders:Nuova Simonelli MDX on demand Espresso Grinder","Midland","","","Commercial Equipment","","","","","","","","","","","","","","","","","TRUE","","TRUE"
"","Commercial Equipment:Grinders:Nuova Simonelli Mythos Clump Crusher","Midland","","","Commercial Equipment","","","","","","","","","","","","","","","","","TRUE","","TRUE"
"","Commercial Equipment:Grinders:Nuova Simonelli Titanium Mythos Burr Set","Midland","","","Commercial Equipment","","","","","","","","","","","","","","","","","TRUE","","TRUE"
"","Commercial Equipment:Grinders:Rancilio Kryo 65 OD Espresso Grinder","Midland","","","Commercial Equipment","","","","","","","","","","","","","","","","","TRUE","","TRUE"
"","Commercial Equipment:Group Gasket","Midland","","","Commercial Equipment","","","","","","","","","","","","","","","","","TRUE","","TRUE"
"","Commercial Equipment:Hario Pour Over Kit","Midland","","","Commercial Equipment","","","","","","","","","","","","","","","","","TRUE","","TRUE"
"","Commercial Equipment:Hario V60 Filters - 02 Size","Midland","","","Commercial Equipment","","","","","","","","","","","","","","","","","TRUE","","TRUE"
"","Commercial Equipment:Hex Group Head Screw","Midland","","","Commercial Equipment","","","","","","","","","","","","","","","","","TRUE","","TRUE"
"","Commercial Equipment:Misc. Equipment:Acaia Lunar Scale","Midland","","","Commercial Equipment","","","","","","","","","","","","","","","","","TRUE","","TRUE"
"","Commercial Equipment:Misc. Equipment:Aurelia group gasket concical","Midland","","","Commercial Equipment","","","","","","","","","","","","","","","","","TRUE","","TRUE"
"","Commercial Equipment:Misc. Equipment:Brewsmart Bench Scale","Midland","","","Commercial Equipment","","","","","","","","","","","","","","","","","TRUE","","TRUE"
"","Commercial Equipment:Misc. Equipment:Bunn 1 Gallon Air Pot","Midland","","","Commercial Equipment","","","","","","","","","","","","","","","","","TRUE","","TRUE"
"","Commercial Equipment:Misc. Equipment:Cafetto MCF Milk Cleaner","Midland","","","Commercial Equipment","","","","","","","","","","","","","","","","","TRUE","","TRUE"
"","Commercial Equipment:Misc. Equipment:Choice 1 Gallon Air Pots","Midland","","","Commercial Equipment","","","","","","","","","","","","","","","","","TRUE","","TRUE"
"","Commercial Equipment:Misc. Equipment:Curtis CSC15AC00 2 GPM Water Filtration System","Midland","","","Commercial Equipment","","","","","","","","","","","","","","","","","TRUE","","TRUE"
"","Commercial Equipment:Misc. Equipment:Distribution Tool","Midland","","","Commercial Equipment","","","","","","","","","","","","","","","","","TRUE","","TRUE"
"","Commercial Equipment:Misc. Equipment:EK43 Aluminum Prebreaker","Midland","","","Commercial Equipment","","","","","","","","","","","","","","","","","TRUE","","TRUE"
"","Commercial Equipment:Misc. Equipment:Fetco 3.8L Lever Airpot","Midland","","","Commercial Equipment","","","","","","","","","","","","","","","","","TRUE","","TRUE"
"","Commercial Equipment:Misc. Equipment:Fetco L4S-10 thermal carafe","Midland","","","Commercial Equipment","","","","","","","","","","","","","","","","","TRUE","","TRUE"
"","Commercial Equipment:Misc. Equipment:Hardware","Midland","","","Commercial Equipment","","","","","","","","","","","","","","","","","TRUE","","TRUE"
"","Commercial Equipment:Misc. Equipment:La Marzocco Group Head Screen Assembly","Midland","","","Commercial Equipment","","","","","","","","","","","","","","","","","TRUE","","TRUE"
"","Commercial Equipment:Misc. Equipment:La Marzocco Parts","Midland","","","Commercial Equipment","","","","","","","","","","","","","","","","","TRUE","","TRUE"
"","Commercial Equipment:Misc. Equipment:Nitro Cold Brew Kegerator","Midland","","","Commercial Equipment","","","","","","","","","","","","","","","","","TRUE","","TRUE"
"","Commercial Equipment:Misc. Equipment:Nuova Simonelli High Capacity Water Filtration System","Midland","","","Commercial Equipment","","","","","","","","","","","","","","","","","TRUE","","TRUE"
"","Commercial Equipment:Misc. Equipment:Nuova Simonelli Water Filtration Cartridge Replacement","Midland","","","Commercial Equipment","","","","","","","","","","","","","","","","","TRUE","","TRUE"
"","Commercial Equipment:Misc. Equipment:Optipure QTI10-2","Midland","","","Commercial Equipment","","","","","","","","","","","","","","","","","TRUE","","TRUE"
"","Commercial Equipment:Misc. Equipment:Rancilio Blank portafilter","Midland","","","Commercial Equipment","","","","","","","","","","","","","","","","","TRUE","","TRUE"
"","Commercial Equipment:Misc. Equipment:Rhino Barista Cloth Set","Midland","","","Commercial Equipment","","","","","","","","","","","","","","","","","TRUE","","TRUE"
"","Commercial Equipment:Misc. Equipment:Rhino Bench Scale","Midland","","","Commercial Equipment","","","","","","","","","","","","","","","","","TRUE","","TRUE"
"","Commercial Equipment:Misc. Equipment:Rhino Bench Tamper Mat","Midland","","","Commercial Equipment","","","","","","","","","","","","","","","","","TRUE","","TRUE"
"","Commercial Equipment:Misc. Equipment:Rhino Corner Tamper Mat","Midland","","","Commercial Equipment","","","","","","","","","","","","","","","","","TRUE","","TRUE"
"","Commercial Equipment:Misc. Equipment:Rhino digital thermometer","Midland","","","Commercial Equipment","","","","","","","","","","","","","","","","","TRUE","","TRUE"
"","Commercial Equipment:Misc. Equipment:Rhino Professional Milk Pitcher - 12 oz","Midland","","","Commercial Equipment","","","","","","","","","","","","","","","","","TRUE","","TRUE"
"","Commercial Equipment:Misc. Equipment:Rhino Professional Milk Pitcher - 20 oz","Midland","","","Commercial Equipment","","","","","","","","","","","","","","","","","TRUE","","TRUE"
"","Commercial Equipment:Misc. Equipment:Rhino Professional Milk Pitcher - 32 oz","Midland","","","Commercial Equipment","","","","","","","","","","","","","","","","","TRUE","","TRUE"
"","Commercial Equipment:Misc. Equipment:Rhino Shot glass - double spout","Midland","","","Commercial Equipment","","","","","","","","","","","","","","","","","TRUE","","TRUE"
"","Commercial Equipment:Misc. Equipment:Rhino Shot Glass - Single Spout","Midland","","","Commercial Equipment","","","","","","","","","","","","","","","","","TRUE","","TRUE"
"","Commercial Equipment:Misc. Equipment:Rhino Spinjet Pitcher Rinser","Midland","","","Commercial Equipment","","","","","","","","","","","","","","","","","TRUE","","TRUE"
"","Commercial Equipment:Misc. Equipment:Rhino Square knock Chute","Midland","","","Commercial Equipment","","","","","","","","","","","","","","","","","TRUE","","TRUE"
"","Commercial Equipment:Misc. Equipment:Rhino Stainless Knock Box","Midland","","","Commercial Equipment","","","","","","","","","","","","","","","","","TRUE","","TRUE"
"","Commercial Equipment:Misc. Equipment:RhinoÂ® Thumpa Knock Tube - Small","Midland","","","Commercial Equipment","","","","","","","","","","","","","","","","","TRUE","","TRUE"
"","Commercial Equipment:Nitrogen Cold Brew Coffee Tap System","Midland","","","Commercial Equipment","","","","","","","","","","","","","","","","","TRUE","","TRUE"
"","Commercial Equipment:Nuova Simonelli Appia II 2-Group Digit","Midland","","","Commercial Equipment","","","","","","","","","","","","","","","","","TRUE","","TRUE"
"","Commercial Equipment:Nuova Simonelli Appia II 2-Group Volumetric","Midland","","","Commercial Equipment","","","","","","","","","","","","","","","","","TRUE","","TRUE"
"","Commercial Equipment:Nuova Simonelli Appia II Compact 2-Group Volumetric","Midland","","","Commercial Equipment","","","","","","","","","","","","","","","","","TRUE","","TRUE"
"","Commercial Equipment:Nuova Simonelli Aurelia II Digit Volumetric 2-Group","Midland","","","Commercial Equipment","","","","","","","","","","","","","","","","","TRUE","","TRUE"
"","Commercial Equipment:Nuova Simonelli Gold Service Plan","Midland","","","Commercial Equipment","","","","","","","","","","","","","","","","","TRUE","","TRUE"
"","Commercial Equipment:Nuova Simonelli High Capacity Water Filtration","Midland","","","Commercial Equipment","","","","","","","","","","","","","","","","","TRUE","","TRUE"
"","Commercial Equipment:Nuova Simonelli Platinum Service Plan","Midland","","","Commercial Equipment","","","","","","","","","","","","","","","","","TRUE","","TRUE"
"","Commercial Equipment:Nuova Simonelli RSCF 195 Softening Cartridge","Midland","","","Commercial Equipment","","","","","","","","","","","","","","","","","TRUE","","TRUE"
"","Commercial Equipment:Nuova Simonelli RSCF Head w/Flush Valve","Midland","","","Commercial Equipment","","","","","","","","","","","","","","","","","TRUE","","TRUE"
"","Commercial Equipment:Nuova Simonelli Standard Capacity Water Softening System","Midland","","","Commercial Equipment","","","","","","","","","","","","","","","","","TRUE","","TRUE"
"","Commercial Equipment:Nuova Simonelli Talento Superautomatic Espresso Machine","Midland","","","Commercial Equipment","","","","","","","","","","","","","","","","","TRUE","","TRUE"
"","Commercial Equipment:Nuova Simonelli Talento Superautomatic Espresso Machine Milk Cooler","Midland","","","Commercial Equipment","","","","","","","","","","","","","","","","","TRUE","","TRUE"
"","Commercial Equipment:Optipure QT10","Midland","","","Commercial Equipment","","","","","","","","","","","","","","","","","TRUE","","TRUE"
"","Commercial Equipment:Professional Installation","Midland","","","Commercial Equipment","","","","","","","","","","","","","","","","","TRUE","","TRUE"
"","Commercial Equipment:Rancilio Classe 9 USB 3-Group Espresso Machine","Midland","","","Commercial Equipment","","","","","","","","","","","","","","","","","TRUE","","TRUE"
"","Commercial Equipment:Shower Screen","Midland","","","Commercial Equipment","","","","","","","","","","","","","","","","","TRUE","","TRUE"
"","Commercial Equipment:Spacer","Midland","","","Commercial Equipment","","","","","","","","","","","","","","","","","TRUE","","TRUE"
"","Commercial Equipment:Victoria Arduino White Eagle Espresso Machine","Midland","","","Commercial Equipment","","","","","","","","","","","","","","","","","TRUE","","TRUE"
"","Consulting","Midland","","","Service Fee","","","","","","","","","","","","","","","","","TRUE","","TRUE"
"","Credit","Midland","","","Miscellaneous ","","","","","","","","","","","","","","","","","TRUE","","TRUE"
"","Delivery","Midland","","","Miscellaneous ","","","","","","","","","","","","","","","","","TRUE","","TRUE"
"","Discount","Midland","","","Miscellaneous ","","","","","","","","","","","","","","","","","TRUE","","TRUE"
"","Equipment financing payment","Midland","","","Miscellaneous ","","","","","","","","","","","","","","","","","TRUE","","TRUE"
"","Fetco CascadingSpray Dome","Midland","","","Commercial Equipment","","","","","","","","","","","","","","","","","TRUE","","TRUE"
"","Fetco L3D-10 - Luxus Thermal Dispenser - 1 Gallon","Midland","","","Commercial Equipment","","","","","","","","","","","","","","","","","TRUE","","TRUE"
"","Fetco Luxus L3D-20 Thermal Carafe","Midland","","","Commercial Equipment","","","","","","","","","","","","","","","","","TRUE","","TRUE"
"","Fetco Metal Brew Basket Upgrade","Midland","","","Commercial Equipment","","","","","","","","","","","","","","","","","TRUE","","TRUE"
"","Fractional pre-packaged coffee","Midland","","","Miscellaneous ","","","","","","","","","","","","","","","","","TRUE","","TRUE"
"","Freight","Midland","","","Miscellaneous ","","","","","","","","","","","","","","","","","TRUE","","TRUE"
"","Gift Materials","Midland","","","Miscellaneous ","","","","","","","","","","","","","","","","","TRUE","","TRUE"
"","Hario Drip Scale","Midland","","","Commercial Equipment","","","","","","","","","","","","","","","","","TRUE","","TRUE"
"","Hario Drip Stand","Midland","","","Commercial Equipment","","","","","","","","","","","","","","","","","TRUE","","TRUE"
"","Hario Microwave Server","Midland","","","Commercial Equipment","","","","","","","","","","","","","","","","","TRUE","","TRUE"
"","Hario V60 02 Ceramic","Midland","","","Commercial Equipment","","","","","","","","","","","","","","","","","TRUE","","TRUE"
"","Holiday Release","Midland","","","Retail Coffee","","","","","","","","","","","","","","","","","TRUE","","TRUE"
"","Inlay Filter Holder MDJ on demand","Midland","","","Commercial Equipment","","","","","","","","","","","","","","","","","TRUE","","TRUE"
"","Labor","Midland","","","Service Fee","","","","","","","","","","","","","","","","","TRUE","","TRUE"
"","Live Oak Gift Cards","Midland","","","Miscellaneous ","","","","","","","","","","","","","","","","","TRUE","","TRUE"
"","Mahlkonig Parts","Midland","","","Commercial Equipment","","","","","","","","","","","","","","","","","TRUE","","TRUE"
"","Minus 320 House Blend","Midland","","","Retail Coffee","","","","","","","","","","","","","","","","","TRUE","","TRUE"
"","Misc:Advertisement","Midland","","","Miscellaneous ","","","","","","","","","","","","","","","","","TRUE","","TRUE"
"","Misc:Cafiza Powder Case","Midland","","","Miscellaneous ","","","","","","","","","","","","","","","","","TRUE","","TRUE"
"","Misc:Cafiza Powder Espresso Cleaner","Midland","","","Miscellaneous ","","","","","","","","","","","","","","","","","TRUE","","TRUE"
"","Misc:Coffee Filters","Midland","","","Miscellaneous ","","","","","","","","","","","","","","","","","TRUE","","TRUE"
"","Misc:Cold Cup Lids","Midland","","","Miscellaneous ","","","","","","","","","","","","","","","","","TRUE","","TRUE"
"","Misc:Custom Coffee Bags","Midland","","","Miscellaneous ","","","","","","","","","","","","","","","","","TRUE","","TRUE"
"","Misc:Custom Coffee Sleeves","Midland","","","Miscellaneous ","","","","","","","","","","","","","","","","","TRUE","","TRUE"
"","Misc:Design Fee","Midland","","","Service Fee","","","","","","","","","","","","","","","","","TRUE","","TRUE"
"","Misc:Farmers Market Equipment","Midland","","","Miscellaneous ","","","","","","","","","","","","","","","","","TRUE","","TRUE"
"","Misc:Hollander Sauce Pump","Midland","","","Commercial Equipment","","","","","","","","","","","","","","","","","TRUE","","TRUE"
"","Misc:Hollander White Chocolate Sauce - Case of 3","Midland","","","Hollander Sauce","","","","","","","","","","","","","","","","","TRUE","","TRUE"
"","Misc:Late Fee","Midland","","","Miscellaneous ","","","","","","","","","","","","","","","","","TRUE","","TRUE"
"","Misc:Nuova Simonelli Espresso Machine Cleaning Tablets","Midland","","","Commercial Equipment","","","","","","","","","","","","","","","","","TRUE","","TRUE"
"","Misc:Refund","Midland","","","Miscellaneous ","","","","","","","","","","","","","","","","","TRUE","","TRUE"
"","Misc:Urnex Rinza 1L Bottle","Midland","","","Commercial Equipment","","","","","","","","","","","","","","","","","TRUE","","TRUE"
"","Nuova Simonelli Aurelia II Volumetric 3-group","Midland","","","Commercial Equipment","","","","","","","","","","","","","","","","","TRUE","","TRUE"
"","Nuova Simonelli Bottomless Portafilter","Midland","","","Commercial Equipment","","","","","","","","","","","","","","","","","TRUE","","TRUE"
"","Nuova Simonelli G60 on Demand","Midland","","","Commercial Equipment","","","","","","","","","","","","","","","","","TRUE","","TRUE"
"","Nuova Simonelli MDJ On Demand","Midland","","","Commercial Equipment","","","","","","","","","","","","","","","","","TRUE","","TRUE"
"","Nuova Simonelli MDJ on Demdand","Midland","","","Commercial Equipment","","","","","","","","","","","","","","","","","TRUE","","TRUE"
"","Nuova Simonelli MDX on demand","Midland","","","Commercial Equipment","","","","","","","","","","","","","","","","","TRUE","","TRUE"
"","Rhino Tamper","Midland","","","Miscellaneous ","","","","","","","","","","","","","","","","","TRUE","","TRUE"
"","Sale Tax","Midland","","","Miscellaneous ","","","","","","","","","","","","","","","","","TRUE","","TRUE"
"","Sales","Midland","","","Miscellaneous ","","","","","","","","","","","","","","","","","TRUE","","TRUE"
"","Sales Tax","Midland","","","Miscellaneous ","","","","","","","","","","","","","","","","","TRUE","","TRUE"
"","Samples","Midland","","","Miscellaneous ","","","","","","","","","","","","","","","","","TRUE","","TRUE"
"","Service","Midland","","","Miscellaneous ","","","","","","","","","","","","","","","","","TRUE","","TRUE"
"","Services","Midland","","","Miscellaneous ","","","","","","","","","","","","","","","","","TRUE","","TRUE"
"","Shipping","Midland","","","Miscellaneous ","","","","","","","","","","","","","","","","","TRUE","","TRUE"
"","Spacer","Midland","","","Miscellaneous ","","","","","","","","","","","","","","","","","TRUE","","TRUE"
"","Square Gift Card","Midland","","","Miscellaneous ","","","","","","","","","","","","","","","","","TRUE","","TRUE"
"","Square Item","Midland","","","Miscellaneous ","","","","","","","","","","","","","","","","","TRUE","","TRUE"
"","Square Line Discount","Midland","","","Miscellaneous ","","","","","","","","","","","","","","","","","TRUE","","TRUE"
"","Square Shipping","Midland","","","Miscellaneous ","","","","","","","","","","","","","","","","","TRUE","","TRUE"
"","Square Tips","Midland","","","Miscellaneous ","","","","","","","","","","","","","","","","","TRUE","","TRUE"
"","SS Shower screen","Midland","","","Miscellaneous ","","","","","","","","","","","","","","","","","TRUE","","TRUE"
"","Swivel kit for wand","Midland","","","Miscellaneous ","","","","","","","","","","","","","","","","","TRUE","","TRUE"
"","Tea:Harney & Sons Chai","Midland","","","Tea","","","","","","","","","","","","","","","","","TRUE","","TRUE"
"","Tea:Harney & Sons Chai Concentrate","Midland","","","Tea","","","","","","","","","","","","","","","","","TRUE","","TRUE"
"","Tea:Harney & Sons Chamomile","Midland","","","Tea","","","","","","","","","","","","","","","","","TRUE","","TRUE"
"","Tea:Harney & Sons Citron Green","Midland","","","Tea","","","","","","","","","","","","","","","","","TRUE","","TRUE"
"","Tea:Harney & Sons Decaf Hot Cinnamon Spice","Midland","","","Tea","","","","","","","","","","","","","","","","","TRUE","","TRUE"
"","Tea:Harney & Sons Earl Grey Supreme","Midland","","","Tea","","","","","","","","","","","","","","","","","TRUE","","TRUE"
"","Tea:Harney & Sons English Breakfast","Midland","","","Tea","","","","","","","","","","","","","","","","","TRUE","","TRUE"
"","Tea:Harney & Sons Gunpowder Green","Midland","","","Tea","","","","","","","","","","","","","","","","","TRUE","","TRUE"
"","Tea:Harney & Sons Hot Cinnamon Spice","Midland","","","Tea","","","","","","","","","","","","","","","","","TRUE","","TRUE"
"","Tea:Harney & Sons Organic Green with Citrus and Ginkgo","Midland","","","Tea","","","","","","","","","","","","","","","","","TRUE","","TRUE"
"","Tea:Harney & Sons Organic Rooibos","Midland","","","Tea","","","","","","","","","","","","","","","","","TRUE","","TRUE"
"","Tea:Harney & Sons Peppermint Herbal","Midland","","","Tea","","","","","","","","","","","","","","","","","TRUE","","TRUE"
"","Tea:Harney & Sons Pomegranate Oolong","Midland","","","Tea","","","","","","","","","","","","","","","","","TRUE","","TRUE"
"","Tea:Harney & Sons Tropical Green","Midland","","","Tea","","","","","","","","","","","","","","","","","TRUE","","TRUE"
"","Tea:Harney & Sons White Peach","Midland","","","Tea","","","","","","","","","","","","","","","","","TRUE","","TRUE"
"","Tea:Rishi Masala Chai Tea Concentrate","Midland","","","Tea","","","","","","","","","","","","","","","","","TRUE","","TRUE"
"","Tea:Rishi Tea Barista Matcha","Midland","","","Tea","","","","","","","","","","","","","","","","","TRUE","","TRUE"
"","Tea:Rishi Tea Blueberry Hibiscus","Midland","","","Tea","","","","","","","","","","","","","","","","","TRUE","","TRUE"
"","Tea:Rishi Tea Blueberry Hibiscus Retail Box","Midland","","","Tea","","","","","","","","","","","","","","","","","TRUE","","TRUE"
"","Tea:Rishi Tea Earl Grey","Midland","","","Tea","","","","","","","","","","","","","","","","","TRUE","","TRUE"
"","Tea:Rishi Tea Earl Grey Retail Box","Midland","","","Tea","","","","","","","","","","","","","","","","","TRUE","","TRUE"
"","Tea:Rishi Tea English Breakfast","Midland","","","Tea","","","","","","","","","","","","","","","","","TRUE","","TRUE"
"","Tea:Rishi Tea English Breakfast Retail Box","Midland","","","Tea","","","","","","","","","","","","","","","","","TRUE","","TRUE"
"","Tea:Rishi Tea Jade Cloud","Midland","","","Tea","","","","","","","","","","","","","","","","","TRUE","","TRUE"
"","Tea:Rishi Tea Jade Cloud Retail Box","Midland","","","Tea","","","","","","","","","","","","","","","","","TRUE","","TRUE"
"","Tea:Rishi Tea Jasmine","Midland","","","Tea","","","","","","","","","","","","","","","","","TRUE","","TRUE"
"","Tea:Rishi Tea Jasmine Green Retail Box","Midland","","","Tea","","","","","","","","","","","","","","","","","TRUE","","TRUE"
"","Tea:Rishi Tea Peppermint Sage","Midland","","","Tea","","","","","","","","","","","","","","","","","TRUE","","TRUE"
"","Tea:Rishi Tea Yuzu Peach Green","Midland","","","Tea","","","","","","","","","","","","","","","","","TRUE","","TRUE"
"","Toper Izmir 10kg Coffee Roaster","Midland","","","Miscellaneous ","","","","","","","","","","","","","","","","","TRUE","","TRUE"
"","Vanilla Syrup","Midland","","","Miscellaneous ","","","","","","","","","","","","","","","","","TRUE","","TRUE"
"","Void","Midland","","","Miscellaneous ","","","","","","","","","","","","","","","","","TRUE","","TRUE"
"","White Label Fee","Midland","","","Miscellaneous ","","","","","","","","","","","","","","","","","TRUE","","TRUE"
"01 -RR-5LB","Rummel Roast Size: 5lb","","82.0","82.0","Bulk Coffee","","","","","","","","","","","","","","","","","TRUE","","TRUE"
"01-320E-5LB-WHL","Minus 320 Espresso Size: 5lb, Grind: Whole","","82.0","82.0","Bulk Coffee","","","","","","","","","","","","","","","","","TRUE","","TRUE"
"01-BH-12Z-WHL","Costa Rica Beneficio Honey Size: 12oz, Grind: Whole","","13.0","13.0","Retail Coffee","","","","","","","","","","","","","","","","","TRUE","","TRUE"
"01-BH-5LB-WHL","Costa Rica Beneficio Honey Size: 5lb, Grind: Whole","","82.0","82.0","Bulk Coffee","","","","","","","","","","","","","","","","","TRUE","","TRUE"
"01-BOCB","Blue Owl Cold Brew","","","","Cold Brew/Concentrates","","","","","","","","","","","","","","","","","TRUE","","TRUE"
"01-BOCB-5LB","Blue Owl Cold Brew Size: 5lb","","82.0","82.0","Bulk Coffee","","","","","","","","","","","","","","","","","TRUE","","TRUE"
"01-CBC-3L51C","Cold Brew Coffee Size: 3 L - 5:1 Concentrate BIB","","","","Cold Brew/Concentrates","","","","","","","","","","","","","","","","","TRUE","","TRUE"
"01-CBC-7GLLN","Cold Brew Coffee Size: 7 Gallon - Ready to Drink","","","","Cold Brew/Concentrates","","","","","","","","","","","","","","","","","TRUE","","TRUE"
"01-CE-12Z-GRN","Creation Espresso Size: 12oz, Grind: Ground","","13.0","13.0","Retail Coffee","","","","","","","","","","","","","","","","","TRUE","","TRUE"
"01-CE-12Z-WHL","Creation Espresso Size: 12oz, Grind: Whole","","13.0","13.0","Retail Coffee","","","","","","","","","","","","","","","","","TRUE","","TRUE"
"01-CE-5LB-WHL","Creation Espresso Size: 5lb, Grind: Whole","","82.0","82.0","Bulk Coffee","","","","","","","","","","","","","","","","","TRUE","","TRUE"
"01-DC-12Z-WHL","Santa Barbara Decaf Size: 12oz, Grind: Whole","","13.0","13.0","Retail Coffee","","","","","","","","","","","","","","","","","TRUE","","TRUE"
"01-DC-5LB-GRN","Santa Barbara Decaf Size: 5lb, Grind: Ground","","82.0","82.0","Bulk Coffee","","","","","","","","","","","","","","","","","TRUE","","TRUE"
"01-DC-5LB-WHL","Santa Barbara Decaf Size: 5lb, Grind: Whole","","82.0","82.0","Bulk Coffee","","","","","","","","","","","","","","","","","TRUE","","TRUE"
"01-DE-12Z-WHL","Diamond Espresso Size: 12oz, Grind: Whole","","13.0","13.0","Retail Coffee","","","","","","","","","","","","","","","","","TRUE","","TRUE"
"01-DE-5LB-WHL","Diamond Espresso Size: 5lb, Grind: Whole","","82.0","82.0","Bulk Coffee","","","","","","","","","","","","","","","","","TRUE","","TRUE"
"01-DH-12Z","DDD House Blend Size: 12oz","","13.0","13.0","Retail Coffee","","","","","","","","","","","","","","","","","TRUE","","TRUE"
"01-DH-5LB","DDD House Blend Size: 5lb","","82.0","82.0","Bulk Coffee","","","","","","","","","","","","","","","","","TRUE","","TRUE"
"01-EY-12Z-WHL","Ethiopia Yirgacheffe Size: 12oz, Grind: Whole","","13.0","13.0","Retail Coffee","","","","","","","","","","","","","","","","","TRUE","","TRUE"
"01-EY-5LB-WHL","Ethiopia Yirgacheffe Size: 5lb, Grind: Whole","","82.0","82.0","Bulk Coffee","","","","","","","","","","","","","","","","","TRUE","","TRUE"
"01-GA-12Z-WHL","Ethiopia Gelana Abaya Size: 12oz, Grind: Whole","","13.0","13.0","Retail Coffee","","","","","","","","","","","","","","","","","TRUE","","TRUE"
"01-GH-12Z-WHL","Guatemala Huehuetenango Size: 12oz, Grind: Whole","","13.0","13.0","Retail Coffee","","","","","","","","","","","","","","","","","TRUE","","TRUE"
"01-GH-5LB-GRN","Guatemala Huehuetenango Size: 5lb, Grind: Ground","","82.0","82.0","Bulk Coffee","","","","","","","","","","","","","","","","","TRUE","","TRUE"
"01-GH-5LB-WHL","Guatemala Huehuetenango Size: 5lb, Grind: Whole","","82.0","82.0","Bulk Coffee","","","","","","","","","","","","","","","","","TRUE","","TRUE"
"01-H8-CRL","Harvest 8 oz. Bags Type: Costa Rica La Pastora","","9.0","9.0","8 oz bags","","","","","","","","","","","","","","","","","TRUE","","TRUE"
"01-HBB-5LB-WHL","Harvest Breakfast Blend Size: 5lb, Grind: Whole","","82.0","82.0","Bulk Coffee","","","","","","","","","","","","","","","","","TRUE","","TRUE"
"01-HE-5LB-WHL","Harvest Espresso Size: 5lb, Grind: Whole","","82.0","82.0","Bulk Coffee","","","","","","","","","","","","","","","","","TRUE","","TRUE"
"01-HE-8OZ-WHL","Harvest Espresso Size: 8oz, Grind: Whole","","9.0","9.0","8 oz bags","","","","","","","","","","","","","","","","","TRUE","","TRUE"
"01-HHB-5LB-GRN","Harvest House Blend Size: 5lb, Grind: Ground","","82.0","82.0","Bulk Coffee","","","","","","","","","","","","","","","","","TRUE","","TRUE"
"01-HHB-5LB-WHL","Harvest House Blend Size: 5lb, Grind: Whole","","82.0","82.0","Bulk Coffee","","","","","","","","","","","","","","","","","TRUE","","TRUE"
"01-ID-12Z-GRN","Ethiopia Idido Size: 12oz, Grind: Ground","","13.0","13.0","Retail Coffee","","","","","","","","","","","","","","","","","TRUE","","TRUE"
"01-ID-12Z-WHL","Ethiopia Idido Size: 12oz, Grind: Whole","","13.0","13.0","Retail Coffee","","","","","","","","","","","","","","","","","TRUE","","TRUE"
"01-ID-5LB-GRN","Ethiopia Idido Size: 5lb, Grind: Ground","","82.0","82.0","Bulk Coffee","","","","","","","","","","","","","","","","","TRUE","","TRUE"
"01-ID-5LB-WHL","Ethiopia Idido Size: 5lb, Grind: Whole","","82.0","82.0","Bulk Coffee","","","","","","","","","","","","","","","","","TRUE","","TRUE"
"01-IGE-5LB-WHL","Iron Grind Espresso Size: 5lb, Grind: Whole","","82.0","82.0","Bulk Coffee","","","","","","","","","","","","","","","","","TRUE","","TRUE"
"01-KIY-12Z-WHL","Kenya Kiunyu Size: 12oz, Grind: Whole","","13.0","13.0","Retail Coffee","","","","","","","","","","","","","","","","","TRUE","","TRUE"
"01-KIY-5LB-WHL","Kenya Kiunyu Size: 5lb, Grind: Whole","","82.0","82.0","Bulk Coffee","","","","","","","","","","","","","","","","","TRUE","","TRUE"
"01-KO-12Z-WHL","Ethiopia Koke Size: 12oz, Grind: Whole","","13.0","13.0","Retail Coffee","","","","","","","","","","","","","","","","","TRUE","","TRUE"
"01-KO-5LB-GRN","Ethiopia Koke Size: 5lb, Grind: Ground","","82.0","82.0","Bulk Coffee","","","","","","","","","","","","","","","","","TRUE","","TRUE"
"01-KO-5LB-WHL","Ethiopia Koke Size: 5lb, Grind: Whole","","82.0","82.0","Bulk Coffee","","","","","","","","","","","","","","","","","TRUE","","TRUE"
"01-LO-12Z-WHL","Live Oak Blend Size: 12oz, Grind: Whole","","13.0","13.0","Retail Coffee","","","","","","","","","","","","","","","","","TRUE","","TRUE"
"01-LO-5LB-WHL","Live Oak Blend Size: 5lb, Grind: Whole","","82.0","82.0","Bulk Coffee","","","","","","","","","","","","","","","","","TRUE","","TRUE"
"01-LP-12Z-GRN","Costa Rica La Pastora Size: 12oz, Grind: Ground","","13.0","13.0","Retail Coffee","","","","","","","","","","","","","","","","","TRUE","","TRUE"
"01-LP-12Z-WHL","Costa Rica La Pastora Size: 12oz, Grind: Whole","","13.0","13.0","Retail Coffee","","","","","","","","","","","","","","","","","TRUE","","TRUE"
"01-LP-5LB-WHL","Costa Rica La Pastora Size: 5lb, Grind: Whole","","82.0","82.0","Bulk Coffee","","","","","","","","","","","","","","","","","TRUE","","TRUE"
"01-MX-8OZ-WHL","Mexico Chiapas Size: 8oz, Grind: Whole","","9.0","9.0","8 oz bags","","","","","","","","","","","","","","","","","TRUE","","TRUE"
"01-PD-12Z-GRN","Perfect Dark Size: 12oz, Grind: Ground","","13.0","13.0","Retail Coffee","","","","","","","","","","","","","","","","","TRUE","","TRUE"
"01-PD-12Z-WHL","Perfect Dark Size: 12oz, Grind: Whole","","13.0","13.0","Retail Coffee","","","","","","","","","","","","","","","","","TRUE","","TRUE"
"01-PD-5LB-WHL","Perfect Dark Size: 5lb, Grind: Whole","","82.0","82.0","Bulk Coffee","","","","","","","","","","","","","","","","","TRUE","","TRUE"
"01-PHB-5LB-WHL","Paddock House Blend Size: 5lb, Grind: Whole","","82.0","82.0","Bulk Coffee","","","","","","","","","","","","","","","","","TRUE","","TRUE"
"01-RED-8OZ-GRN","Red Threads Custom Bag Size: 8 oz, Grind: Ground","","9.0","9.0","8 oz bags","","","","","","","","","","","","","","","","","TRUE","","TRUE"
"01-REOJ","REO Joe Custom","","13.0","13.0","Retail Coffee","","","","","","","","","","","","","","","","","TRUE","","TRUE"
"01-REOJ-5LB","REO Joe Custom Size: 5lb","","82.0","82.0","Bulk Coffee","","","","","","","","","","","","","","","","","TRUE","","TRUE"
"01-RT-BH","Rishi Tea 50-CT Wrapped Sachets Type: Blueberry Hibiscus","","15.0","15.0","Tea","","","","","","","","","","","","","","","","","TRUE","","TRUE"
"01-RT-JC","Rishi Tea 50-CT Wrapped Sachets Type: Jade Cloud","","15.0","15.0","Tea","","","","","","","","","","","","","","","","","TRUE","","TRUE"
"01-RT-JSM","Rishi Tea 50-CT Wrapped Sachets Type: Jasmine","","15.0","15.0","Tea","","","","","","","","","","","","","","","","","TRUE","","TRUE"
"01-SB-5LB-WHL","Shinola Blend Size: 5lb, Grind: Whole","","82.0","82.0","Bulk Coffee","","","","","","","","","","","","","","","","","TRUE","","TRUE"
"01-SE-5LB-WHL","Shinola Espresso Size: 5lb, Grind: Whole","","82.0","82.0","Bulk Coffee","","","","","","","","","","","","","","","","","TRUE","","TRUE"
"01-SJ-12Z-WHL","El Salvador Santa Josefita Size: 12oz, Grind: Whole","","13.0","13.0","Retail Coffee","","","","","","","","","","","","","","","","","TRUE","","TRUE"
"01-SJ-5LB-WHL","El Salvador Santa Josefita Size: 5lb, Grind: Whole","","82.0","82.0","Bulk Coffee","","","","","","","","","","","","","","","","","TRUE","","TRUE"
"01-TG-12Z-GRN","Ten Generation Size: 12oz, Grind: Ground","","13.0","13.0","Retail Coffee","","","","","","","","","","","","","","","","","TRUE","","TRUE"
"01-TG-12Z-WHL","Ten Generation Size: 12oz, Grind: Whole","","13.0","13.0","Retail Coffee","","","","","","","","","","","","","","","","","TRUE","","TRUE"
"01-TG-5LB-GRN","Ten Generation Size: 5lb, Grind: Ground","","82.0","82.0","Bulk Coffee","","","","","","","","","","","","","","","","","TRUE","","TRUE"
"01-TG-5LB-WHL","Ten Generation Size: 5lb, Grind: Whole","","82.0","82.0","Bulk Coffee","","","","","","","","","","","","","","","","","TRUE","","TRUE"
"01-TW-24X5Z","Timberwolves Blend Frac Pack Cases Size: 24 x 5 oz.","","","","Frac coffee","","","","","","","","","","","","","","","","","TRUE","","TRUE"
"01-ZAP-12Z-WHL","Colombia Zapata Size: 12oz, Grind: Whole","","13.0","13.0","Retail Coffee","","","","","","","","","","","","","","","","","TRUE","","TRUE"
"01-ZAP-5LB-WHL","Colombia Zapata Size: 5lb, Grind: Whole","","82.0","82.0","Bulk Coffee","","","","","","","","","","","","","","","","","TRUE","","TRUE"
"02-RCHAI","Rishi Chai Concentrate","","37.0","37.0","Tea","","","","","","","","","","","","","","","","","TRUE","","TRUE"
"02-RISHM","Rishi Matcha","","4.0","4.0","Tea","","","","","","","","","","","","","","","","","TRUE","","TRUE"
"03-1883-ALM","1883 Maison Routin Syrups - 1L Bottle - Volume discount @ 12 units Flavor: Almond","","48.0","48.0","Maison Routin Syrups","","","","","","","","","","","","","","","","","TRUE","","TRUE"
"03-1883-AMR","1883 Maison Routin Syrups - 1L Bottle - Volume discount @ 12 units Flavor: Amaretto","","48.0","48.0","Maison Routin Syrups","","","","","","","","","","","","","","","","","TRUE","","TRUE"
"03-1883-BLC","1883 Maison Routin Syrups - 1L Bottle - Volume discount @ 12 units Flavor: Blackberry","","48.0","48.0","Maison Routin Syrups","","","","","","","","","","","","","","","","","TRUE","","TRUE"
"03-1883-BTT","1883 Maison Routin Syrups - 1L Bottle - Volume discount @ 12 units Flavor: Butterscotch","","48.0","48.0","Maison Routin Syrups","","","","","","","","","","","","","","","","","TRUE","","TRUE"
"03-1883-CCN","1883 Maison Routin Syrups - 1L Bottle - Volume discount @ 12 units Flavor: Coconut","","48.0","48.0","Maison Routin Syrups","","","","","","","","","","","","","","","","","TRUE","","TRUE"
"03-1883-CHR","1883 Maison Routin Syrups - 1L Bottle - Volume discount @ 12 units Flavor: Cherry","","48.0","48.0","Maison Routin Syrups","","","","","","","","","","","","","","","","","TRUE","","TRUE"
"03-1883-CRM","1883 Maison Routin Syrups - 1L Bottle - Volume discount @ 12 units Flavor: Caramel","","48.0","48.0","Maison Routin Syrups","","","","","","","","","","","","","","","","","TRUE","","TRUE"
"03-1883-FV","1883 Maison Routin Syrups - 1L Bottle - Volume discount @ 12 units Flavor: French Vanilla","","48.0","48.0","Maison Routin Syrups","","","","","","","","","","","","","","","","","TRUE","","TRUE"
"03-1883-GNG","1883 Maison Routin Syrups - 1L Bottle - Volume discount @ 12 units Flavor: Gingerbread","","48.0","48.0","Maison Routin Syrups","","","","","","","","","","","","","","","","","TRUE","","TRUE"
"03-1883-HZL","1883 Maison Routin Syrups - 1L Bottle - Volume discount @ 12 units Flavor: Hazelnut","","48.0","48.0","Maison Routin Syrups","","","","","","","","","","","","","","","","","TRUE","","TRUE"
"03-1883-IC","1883 Maison Routin Syrups - 1L Bottle - Volume discount @ 12 units Flavor: Irish Creme","","48.0","48.0","Maison Routin Syrups","","","","","","","","","","","","","","","","","TRUE","","TRUE"
"03-1883-RH","1883 Maison Routin Syrups - 1L Bottle - Volume discount @ 12 units Flavor: Roasted Hazelnut","","48.0","48.0","Maison Routin Syrups","","","","","","","","","","","","","","","","","TRUE","","TRUE"
"03-1883-RSP","1883 Maison Routin Syrups - 1L Bottle - Volume discount @ 12 units Flavor: Raspberry","","48.0","48.0","Maison Routin Syrups","","","","","","","","","","","","","","","","","TRUE","","TRUE"
"03-1883-SC","1883 Maison Routin Syrups - 1L Bottle - Volume discount @ 12 units Flavor: SF Caramel","","37.0","37.0","Maison Routin Syrups","","","","","","","","","","","","","","","","","TRUE","","TRUE"
"03-1883-SC2","1883 Maison Routin Syrups - 1L Bottle - Volume discount @ 12 units Flavor: Salted Caramel","","48.0","48.0","Maison Routin Syrups","","","","","","","","","","","","","","","","","TRUE","","TRUE"
"03-1883-SH","1883 Maison Routin Syrups - 1L Bottle - Volume discount @ 12 units Flavor: SF Hazelnut","","37.0","37.0","Maison Routin Syrups","","","","","","","","","","","","","","","","","TRUE","","TRUE"
"03-1883-STR","1883 Maison Routin Syrups - 1L Bottle - Volume discount @ 12 units Flavor: Strawberry","","48.0","48.0","Maison Routin Syrups","","","","","","","","","","","","","","","","","TRUE","","TRUE"
"03-1883-SV","1883 Maison Routin Syrups - 1L Bottle - Volume discount @ 12 units Flavor: SF Vanilla","","37.0","37.0","Maison Routin Syrups","","","","","","","","","","","","","","","","","TRUE","","TRUE"
"03-1883-TC","1883 Maison Routin Syrups - 1L Bottle - Volume discount @ 12 units Flavor: Toffee Crunch","","48.0","48.0","Maison Routin Syrups","","","","","","","","","","","","","","","","","TRUE","","TRUE"
"03-1883-VNL","1883 Maison Routin Syrups - 1L Bottle - Volume discount @ 12 units Flavor: Vanilla","","48.0","48.0","Maison Routin Syrups","","","","","","","","","","","","","","","","","TRUE","","TRUE"
"05-CAFIZA-CO1","Urnex Cafiza Powder Size: Case of 12","","","","","","","","","","","","","","","","","","","","","TRUE","","TRUE"
"06-MFO","Minor Figures Oat M*lk - Case of 6-1Liter Containers","","","","","","","","","","","","","","","","","","","","","TRUE","","TRUE"
"1883-ALM","1883 Maison Routin Syrups - Almond","","48.0","48.0","Maison Routin Syrups","","","","","","","","","","","","","","","","True","TRUE","","TRUE"
"1883-BLC","1883 Maison Routin Syrups - 1L Bottle - Volume discount @ 12 units Flavor: Blackberry","","48.0","48.0","Maison Routin Syrups","","","","","","","","","","","","","","","","","TRUE","","TRUE"
"1883-CCN","1883 Maison Routin Syrups - 1L Bottle - Volume discount @ 12 units Flavor: Coconut","","48.0","48.0","Maison Routin Syrups","","","","","","","","","","","","","","","","","TRUE","","TRUE"
"1883-CRM","1883 Maison Routin Syrups - 1L Bottle - Volume discount @ 12 units Flavor: Caramel","","48.0","48.0","Maison Routin Syrups","","","","","","","","","","","","","","","","","TRUE","","TRUE"
"1883-CS","1883 Maison Routin Syrups - 1L Bottle - Volume discount @ 12 units Flavor: Cane Sugar","","48.0","48.0","Maison Routin Syrups","","","","","","","","","","","","","","","","","TRUE","","TRUE"
"1883-HZL","1883 Maison Routin Syrups - 1L Bottle - Volume discount @ 12 units Flavor: Hazelnut","","48.0","48.0","Maison Routin Syrups","","","","","","","","","","","","","","","","","TRUE","","TRUE"
"1883-LVN","1883 Maison Routin Syrups - 1L Bottle - Volume discount @ 12 units Flavor: Lavender","","48.0","48.0","Maison Routin Syrups","","","","","","","","","","","","","","","","","TRUE","","TRUE"
"1883-PS","1883 Maison Routin Syrups - 1L Bottle - Volume discount @ 12 units Flavor: Pumpkin Spice","","48.0","48.0","Maison Routin Syrups","","","","","","","","","","","","","","","","","TRUE","","TRUE"
"1883-ROS","1883 Maison Routin Syrups - 1L Bottle - Volume discount @ 12 units Flavor: Rose","","48.0","48.0","Maison Routin Syrups","","","","","","","","","","","","","","","","","TRUE","","TRUE"
"1883-RSP","1883 Maison Routin Syrups - 1L Bottle - Volume discount @ 12 units Flavor: Raspberry","","48.0","48.0","Maison Routin Syrups","","","","","","","","","","","","","","","","","TRUE","","TRUE"
"1883-VNL","1883 Maison Routin Syrups - 1L Bottle - Volume discount @ 12 units Flavor: Vanilla","","48.0","48.0","Maison Routin Syrups","","","","","","","","","","","","","","","","","TRUE","","TRUE"
"CE-12Z-WHL","Creation Espresso Size: 12oz, Grind: Whole","","13.0","13.0","Retail Coffee","","","","","","","","","","","","","","","","","TRUE","","TRUE"
"CE-5LB-WHL","Creation Espresso Size: 5lb, Grind: Whole","","82.0","82.0","Bulk Coffee","","","","","","","","","","","","","","","","","TRUE","","TRUE"
"DC-5LB-GRN","Santa Barbara Decaf Size: 5lb, Grind: Ground","","82.0","82.0","Bulk Coffee","","","","","","","","","","","","","","","","","TRUE","","TRUE"
"DC-5LB-WHL","Santa Barbara Decaf Size: 5lb, Grind: Whole","","82.0","82.0","Bulk Coffee","","","","","","","","","","","","","","","","","TRUE","","TRUE"
"DE-12Z-WHL","Diamond Espresso Size: 12oz, Grind: Whole","","13.0","13.0","Retail Coffee","","","","","","","","","","","","","","","","","TRUE","","TRUE"
"DE-5LB-WHL","Diamond Espresso Size: 5lb, Grind: Whole","","82.0","82.0","Bulk Coffee","","","","","","","","","","","","","","","","","TRUE","","TRUE"
"GH-12Z-WHL","Guatemala Huehuetenango Size: 12oz, Grind: Whole","","13.0","13.0","Retail Coffee","","","","","","","","","","","","","","","","","TRUE","","TRUE"
"GH-5LB-WHL","Guatemala Huehuetenango Size: 5lb, Grind: Whole","","82.0","82.0","Bulk Coffee","","","","","","","","","","","","","","","","","TRUE","","TRUE"
"H&S-EGS","Harney & Sons 50-Sachet Bags Type: Earl Grey Supreme","","7.0","7.0","Tea","","","","","","","","","","","","","","","","","TRUE","","TRUE"
"H&S-HCS","Harney & Sons 50-Sachet Bags Type: Hot Cinnamon Spice","","7.0","7.0","Tea","","","","","","","","","","","","","","","","","TRUE","","TRUE"
"H&S-JG","Harney & Sons 50-Sachet Bags Type: Jasmine Green","","7.0","7.0","Tea","","","","","","","","","","","","","","","","","TRUE","","TRUE"
"H&S-PO","Harney & Sons 50-Sachet Bags Type: Pomegranate Oolong","","7.0","7.0","Tea","","","","","","","","","","","","","","","","","TRUE","","TRUE"
"HOLS-CHC","Hollander Sauces Flavor: Chocolate","","93.0","93.0","Hollander Sauce","","","","","","","","","","","","","","","","","TRUE","","TRUE"
"HOLS-CRM","Hollander Sauces Flavor: Caramel","","96.0","96.0","Hollander Sauce","","","","","","","","","","","","","","","","","TRUE","","TRUE"
"HOLS-WC","Hollander Sauces Flavor: White Chocolate","","96.0","96.0","Hollander Sauce","","","","","","","","","","","","","","","","","TRUE","","TRUE"
"LP-5LB-WHL","Costa Rica La Pastora Size: 5lb, Grind: Whole","","82.0","82.0","Bulk Coffee","","","","","","","","","","","","","","","","","TRUE","","TRUE"
"PADDOCKHB","Paddock House Blend - 5 lb","","82.0","82.0","Bulk Coffee","","","","","","","","","","","","","","","","","TRUE","","TRUE"
"PD-12Z-WHL","Perfect Dark Size: 12oz, Grind: Whole","","13.0","13.0","Retail Coffee","","","","","","","","","","","","","","","","","TRUE","","TRUE"
"PD-5LB-WHL","Perfect Dark Size: 5lb, Grind: Whole","","82.0","82.0","Bulk Coffee","","","","","","","","","","","","","","","","","TRUE","","TRUE"
"RCHAI","Rishi Chai Concentrate","","","","Tea","","","","","","","","","","","","","","","","","TRUE","","TRUE"
"RISHM","Rishi Matcha","","","","Tea","","","","","","","","","","","","","","","","","TRUE","","TRUE"
"RT-EG","Rishi Tea 50-CT Wrapped Sachets Type: Earl Grey","","15.0","15.0","Tea","","","","","","","","","","","","","","","","","TRUE","","TRUE"
"Setup Fee","Setup Fee","","","","Service Fee","","","","","","","","","","","","","","","","","TRUE","","TRUE"
"SQ0026234","Diamond Espresso Subscription (Bi-Weekly) - Whole Bean","","13.0","13.0","Subscriptions","","","","","","","","","","","","","","","","","TRUE","","TRUE"
"SQ0264449","Ethiopia Yirgacheffe - Ground","","13.0","13.0","Retail Coffee","","","","","","","","","","","","","","","","","TRUE","","TRUE"
"SQ0264449","Ethiopia Yirgacheffe - Ground","","13.0","13.0","Retail Coffee","","","","","","","","","","","","","","","","","TRUE","","TRUE"
"SQ0303846","Mug & Holiday Release Gift Box - Ground -Fine","","","","Packages/Specials","","","","","","","","","","","","","","","","","TRUE","","TRUE"
"SQ0315404","Creation Coffee T-shirt - S","","","","Merch","","","","","","","","","","","","","","","","","TRUE","","TRUE"
"SQ0438009","Ethiopia Yirgacheffe - Whole Bean","","13.0","13.0","Retail Coffee","","","","","","","","","","","","","","","","","TRUE","","TRUE"
"SQ0438009","Ethiopia Yirgacheffe - Whole Bean","","13.0","13.0","Retail Coffee","","","","","","","","","","","","","","","","","TRUE","","TRUE"
"SQ0531082","Burundi Gitwe Hill - Ground - Medium","","13.0","13.0","Retail Coffee","","","","","","","","","","","","","","","","","TRUE","","TRUE"
"SQ0657164","Ten Generation - 5 lb Bag - Whole Bean","","82.0","82.0","Bulk Coffee","","","","","","","","","","","","","","","","","TRUE","","TRUE"
"SQ0744697","Holiday Release - Ground","","13.0","13.0","Retail Coffee","","","","","","","","","","","","","","","","","TRUE","","TRUE"
"SQ0768228","Kenya Kiunyu - Ground - Coarse","","13.0","13.0","Retail Coffee","","","","","","","","","","","","","","","","","TRUE","","TRUE"
"SQ0788235","Hario V60 Filters -","","","","Commercial Equipment","","","","","","","","","","","","","","","","","TRUE","","TRUE"
"SQ0988097","Costa Rica La Pastora - Ground - Fine","","13.0","13.0","Retail Coffee","","","","","","","","","","","","","","","","","TRUE","","TRUE"
"SQ1026356","Ethiopia Koke - Whole Bean","","13.0","13.0","Retail Coffee","","","","","","","","","","","","","","","","","TRUE","","TRUE"
"SQ1214225","Holiday Release Coffee - Ground -Coarse","","13.0","13.0","Retail Coffee","","","","","","","","","","","","","","","","","TRUE","","TRUE"
"SQ1238567","Ethiopia Uraga - Ground - Medium","","13.0","13.0","Retail Coffee","","","","","","","","","","","","","","","","","TRUE","","TRUE"
"SQ1252450","Santa Barbara Decaf - Ground - Fine","","13.0","13.0","Retail Coffee","","","","","","","","","","","","","","","","","TRUE","","TRUE"
"SQ1316642","Holiday Release Coffee - Ground -Fine","","13.0","13.0","Retail Coffee","","","","","","","","","","","","","","","","","TRUE","","TRUE"
"SQ1321414","Rotating Single Origin Subscription (Weekly) - Whole Bean","","13.0","13.0","Subscriptions","","","","","","","","","","","","","","","","","TRUE","","TRUE"
"SQ1341657","Guatemala Huehuetenango - 5 lb Bag - Ground","","82.0","82.0","Bulk Coffee","","","","","","","","","","","","","","","","","TRUE","","TRUE"
"SQ1664147","Diamond Espresso - Ground for Espresso","","13.0","13.0","Retail Coffee","","","","","","","","","","","","","","","","","TRUE","","TRUE"
"SQ1683788","Costa Rica La Pastora - Ground - Coarse","","13.0","13.0","Retail Coffee","","","","","","","","","","","","","","","","","TRUE","","TRUE"
"SQ1697126","Holiday Gift Box - Ground â€“ Medium","","","","Packages/Specials","","","","","","","","","","","","","","","","","TRUE","","TRUE"
"SQ1851733","Holiday Gift Box - Whole Bean","","","","Packages/Specials","","","","","","","","","","","","","","","","","TRUE","","TRUE"
"SQ1851733","Holiday Gift Box - Whole Bean","","","","Packages/Specials","","","","","","","","","","","","","","","","","TRUE","","TRUE"
"SQ1882628","Ethiopia Idido - Ground - Medium","","13.0","13.0","Retail Coffee","","","","","","","","","","","","","","","","","TRUE","","TRUE"
"SQ1886352","Holiday Gift Box - Ground â€“ Coarse","","","","Packages/Specials","","","","","","","","","","","","","","","","","TRUE","","TRUE"
"SQ1955586","Africa Regional Select Box - Whole","","","","Packages/Specials","","","","","","","","","","","","","","","","","TRUE","","TRUE"
"SQ2062051","T-shirt & Mug Box - Medium","","","","Commercial Equipment","","","","","","","","","","","","","","","","","TRUE","","TRUE"
"SQ2208687","Ten Generation Subscription (Bi-Weekly) - Ground - Medium","","13.0","13.0","Subscriptions","","","","","","","","","","","","","","","","","TRUE","","TRUE"
"SQ2215238","Perfect Dark - Ground - Medium","","13.0","13.0","Retail Coffee","","","","","","","","","","","","","","","","","TRUE","","TRUE"
"SQ2215238","Perfect Dark - Ground - Medium","","13.0","13.0","Retail Coffee","","","","","","","","","","","","","","","","","TRUE","","TRUE"
"SQ2451808","Creation Coffee 14 oz. Mug -","","","","Merch","","","","","","","","","","","","","","","","","TRUE","","TRUE"
"SQ2451808","Creation Coffee 14 oz. Mug -","","","","Merch","","","","","","","","","","","","","","","","","TRUE","","TRUE"
"SQ2452075","Colombia Zapata - Ground - Coarse","","13.0","13.0","Retail Coffee","","","","","","","","","","","","","","","","","TRUE","","TRUE"
"SQ2510082","Santa Barbara Decaf - Whole Bean","","13.0","13.0","Retail Coffee","","","","","","","","","","","","","","","","","TRUE","","TRUE"
"SQ2510082","Santa Barbara Decaf - Whole Bean","","13.0","13.0","Retail Coffee","","","","","","","","","","","","","","","","","TRUE","","TRUE"
"SQ2640433","Creation Espresso - Whole Bean","","13.0","13.0","Retail Coffee","","","","","","","","","","","","","","","","","TRUE","","TRUE"
"SQ2662041","Creation Espresso - Ground for Espresso","","13.0","13.0","Retail Coffee","","","","","","","","","","","","","","","","","TRUE","","TRUE"
"SQ2716303","El Salvador Santa Josefita - Ground - Medium","","13.0","13.0","Retail Coffee","","","","","","","","","","","","","","","","","TRUE","","TRUE"
"SQ2722571","Ten Generation - Ground - Coarse","","13.0","13.0","Retail Coffee","","","","","","","","","","","","","","","","","TRUE","","TRUE"
"SQ2782445","Colombia Zapata - Whole Bean","","13.0","13.0","Retail Coffee","","","","","","","","","","","","","","","","","TRUE","","TRUE"
"SQ2824406","Kenya Kiunyu - Whole Bean","","13.0","13.0","Retail Coffee","","","","","","","","","","","","","","","","","TRUE","","TRUE"
"SQ3014314","Ten Generation - Ground - Medium","","","","","","","","","","","","","","","","","","","","","TRUE","","TRUE"
"SQ3014314","Ten Generation - Ground - Medium / 12 oz","","13.0","13.0","Retail Coffee","","","","","","","","","","","","","","","","","TRUE","","TRUE"
"SQ3014314","Ten Generation - Ground - Medium / 12 oz","","13.0","13.0","Retail Coffee","","","","","","","","","","","","","","","","","TRUE","","TRUE"
"SQ3014314","Ten Generation - Ground - Medium / 12 oz","","13.0","13.0","Retail Coffee","","","","","","","","","","","","","","","","","TRUE","","TRUE"
"SQ3014314","Ten Generation - Ground - Medium / 12 oz","","13.0","13.0","Retail Coffee","","","","","","","","","","","","","","","","","TRUE","","TRUE"
"SQ3211663","Certified Organic Cascara Tea -","","","","Tea","","","","","","","","","","","","","","","","","TRUE","","TRUE"
"SQ3215568","Ethiopia Gelana Abaya - Whole Bean","","13.0","13.0","Retail Coffee","","","","","","","","","","","","","","","","","TRUE","","TRUE"
"SQ3227314","Decaf Subscription (Weekly) - Whole Bean","","13.0","13.0","Subscriptions","","","","","","","","","","","","","","","","","TRUE","","TRUE"
"SQ3352240","Perfect Dark Subscription (Weekly) - Whole Bean","","13.0","13.0","Subscriptions","","","","","","","","","","","","","","","","","TRUE","","TRUE"
"SQ3354761","Timberwolves Blend - Ground","","13.0","13.0","Retail Coffee","","","","","","","","","","","","","","","","","TRUE","","TRUE"
"SQ3504070","Escali Arti Digital Scale - Black","","","","Commercial Equipment","","","","","","","","","","","","","","","","","TRUE","","TRUE"
"SQ3533529","Bonavita Gooseneck Kettle - Stovetop","","","","Commercial Equipment","","","","","","","","","","","","","","","","","TRUE","","TRUE"
"SQ3563948","Creation Coffee Super Fan Box - Whole / L","","","","Packages/Specials","","","","","","","","","","","","","","","","","TRUE","","TRUE"
"SQ3615200","Holiday Release Coffee - Ground - Medium","","13.0","13.0","Retail Coffee","","","","","","","","","","","","","","","","","TRUE","","TRUE"
"SQ3707002","Holiday Release Coffee - Ground -Medium","","13.0","13.0","Retail Coffee","","","","","","","","","","","","","","","","","TRUE","","TRUE"
"SQ3711577","Santa Barbara Decaf - Ground - Medium","","13.0","13.0","Retail Coffee","","","","","","","","","","","","","","","","","TRUE","","TRUE"
"SQ3711577","Santa Barbara Decaf - Ground - Medium","","13.0","13.0","Retail Coffee","","","","","","","","","","","","","","","","","TRUE","","TRUE"
"SQ3711577","Santa Barbara Decaf - Ground - Medium","","13.0","13.0","Retail Coffee","","","","","","","","","","","","","","","","","TRUE","","TRUE"
"SQ3740319","Ethiopia Idido - Ground - Fine","","13.0","13.0","Retail Coffee","","","","","","","","","","","","","","","","","TRUE","","TRUE"
"SQ3781675","Holiday Release - Whole Bean","","13.0","13.0","Retail Coffee","","","","","","","","","","","","","","","","","TRUE","","TRUE"
"SQ3825707","Creation Coffee Super Fan Box - Whole / S","","","","Packages/Specials","","","","","","","","","","","","","","","","","TRUE","","TRUE"
"SQ4131088","Perfect Dark Subscription (Monthly) - Ground - Medium","","13.0","13.0","Subscriptions","","","","","","","","","","","","","","","","","TRUE","","TRUE"
"SQ4385788","Diamond Espresso - Whole Bean","","13.0","13.0","Retail Coffee","","","","","","","","","","","","","","","","","TRUE","","TRUE"
"SQ4432144","Rotating Single Origin Subscription (Monthly) - Whole Bean","","13.0","13.0","Subscriptions","","","","","","","","","","","","","","","","","TRUE","","TRUE"
"SQ4677560","El Salvador Santa Josefita - Whole Bean","","13.0","13.0","Retail Coffee","","","","","","","","","","","","","","","","","TRUE","","TRUE"
"SQ4700384","Mug & Holiday Release Gift Box - Ground -Medium","","","","Packages/Specials","","","","","","","","","","","","","","","","","TRUE","","TRUE"
"SQ4825141","Ethiopia Uraga - Whole Bean","","13.0","13.0","Retail Coffee","","","","","","","","","","","","","","","","","TRUE","","TRUE"
"SQ4890513","Africa Regional Select Box - Ground -Medium","","","","Packages/Specials","","","","","","","","","","","","","","","","","TRUE","","TRUE"
"SQ5020042","Great Lakes Loons Blend - Whole Bean","","13.0","13.0","Retail Coffee","","","","","","","","","","","","","","","","","TRUE","","TRUE"
"SQ5068545","Holiday Release Coffee - Whole Bean","","13.0","13.0","Retail Coffee","","","","","","","","","","","","","","","","","TRUE","","TRUE"
"SQ5077646","Creation Exploration Box - Ground -Fine","","","","Packages/Specials","","","","","","","","","","","","","","","","","TRUE","","TRUE"
"SQ5077646","Creation Exploration Box - Ground -Fine","","","","Packages/Specials","","","","","","","","","","","","","","","","","TRUE","","TRUE"
"SQ5244081","Ethiopia Idido - Whole Bean","","13.0","13.0","Retail Coffee","","","","","","","","","","","","","","","","","TRUE","","TRUE"
"SQ5274260","Costa Rica Beneficio Honey - Ground - Medium","","13.0","13.0","Retail Coffee","","","","","","","","","","","","","","","","","TRUE","","TRUE"
"SQ5305684","Ethiopia Idido - Ground - Coarse","","13.0","13.0","Retail Coffee","","","","","","","","","","","","","","","","","TRUE","","TRUE"
"SQ5374162","Costa Rica La Pastora - Ground - Medium","","13.0","13.0","Retail Coffee","","","","","","","","","","","","","","","","","TRUE","","TRUE"
"SQ5374162","Costa Rica La Pastora - Ground - Medium","","13.0","13.0","Retail Coffee","","","","","","","","","","","","","","","","","TRUE","","TRUE"
"SQ5374162","Costa Rica La Pastora - Ground - Medium","","13.0","13.0","Retail Coffee","","","","","","","","","","","","","","","","","TRUE","","TRUE"
"SQ5551131","Santa Barbara Decaf - Ground - Coarse","","13.0","13.0","Retail Coffee","","","","","","","","","","","","","","","","","TRUE","","TRUE"
"SQ5627143","El Salvador Santa Josefita - Ground - Coarse","","13.0","13.0","Retail Coffee","","","","","","","","","","","","","","","","","TRUE","","TRUE"
"SQ5743881","Holiday Release Coffee - Ground - Fine","","13.0","13.0","Retail Coffee","","","","","","","","","","","","","","","","","TRUE","","TRUE"
"SQ5872564","Diamond Espresso Subscription (Monthly) - Whole Bean","","13.0","13.0","Subscriptions","","","","","","","","","","","","","","","","","TRUE","","TRUE"
"SQ5882204","Ultimate Gift Box - Ground -Medium / L","","","","Packages/Specials","","","","","","","","","","","","","","","","","TRUE","","TRUE"
"SQ6063071","Colombia Zapata - Ground - Medium","","13.0","13.0","Retail Coffee","","","","","","","","","","","","","","","","","TRUE","","TRUE"
"SQ6151243","Holiday Gift Box - Ground","","","","Packages/Specials","","","","","","","","","","","","","","","","","TRUE","","TRUE"
"SQ6205790","Blend for Shinola -","","13.0","13.0","Retail Coffee","","","","","","","","","","","","","","","","","TRUE","","TRUE"
"SQ6276404","Ten Generation Subscription (Bi-Weekly) - Whole Bean","","13.0","13.0","Subscriptions","","","","","","","","","","","","","","","","","TRUE","","TRUE"
"SQ6331757","Burundi Gitwe Hill - Whole Bean","","13.0","13.0","Retail Coffee","","","","","","","","","","","","","","","","","TRUE","","TRUE"
"SQ6416665","Costa Rica Beneficio Honey - Ground - Coarse","","13.0","13.0","Retail Coffee","","","","","","","","","","","","","","","","","TRUE","","TRUE"
"SQ6560436","Creation Exploration Box - Ground -Medium","","","","Packages/Specials","","","","","","","","","","","","","","","","","TRUE","","TRUE"
"SQ6560436","Creation Exploration Box - Ground -Medium","","","","Packages/Specials","","","","","","","","","","","","","","","","","TRUE","","TRUE"
"SQ6744386","Great Lakes Loons Blend - Ground - Medium","","13.0","13.0","Retail Coffee","","","","","","","","","","","","","","","","","TRUE","","TRUE"
"SQ6786678","Costa Rica Beneficio Honey - Ground - Fine","","13.0","13.0","Retail Coffee","","","","","","","","","","","","","","","","","TRUE","","TRUE"
"SQ6936982","Hario V60 -","","","","Commercial Equipment","","","","","","","","","","","","","","","","","TRUE","","TRUE"
"SQ7084611","Creation Espresso Subscription (Bi-Weekly) - Whole Bean","","13.0","13.0","Subscriptions","","","","","","","","","","","","","","","","","TRUE","","TRUE"
"SQ7143114","Burundi Gitwe Hill - Ground - Fine","","13.0","13.0","Retail Coffee","","","","","","","","","","","","","","","","","TRUE","","TRUE"
"SQ7260530","Ten Generation - Ground - Fine","","13.0","13.0","Retail Coffee","","","","","","","","","","","","","","","","","TRUE","","TRUE"
"SQ7321307","Holiday Release Coffee - Whole","","13.0","13.0","Retail Coffee","","","","","","","","","","","","","","","","","TRUE","","TRUE"
"SQ7327171","Ethiopia Gelana Abaya - Ground - Medium","","13.0","13.0","Retail Coffee","","","","","","","","","","","","","","","","","TRUE","","TRUE"
"SQ7370512","Ten Generation - 5 lb Bag - Ground","","82.0","82.0","Bulk Coffee","","","","","","","","","","","","","","","","","TRUE","","TRUE"
"SQ7558108","Costa Rica La Pastora - Whole Bean","","13.0","13.0","Retail Coffee","","","","","","","","","","","","","","","","","TRUE","","TRUE"
"SQ7558108","Costa Rica La Pastora - Whole Bean","","13.0","13.0","Retail Coffee","","","","","","","","","","","","","","","","","TRUE","","TRUE"
"SQ7574679","Perfect Dark - 5 lb Bag - Ground","","82.0","82.0","Bulk Coffee","","","","","","","","","","","","","","","","","TRUE","","TRUE"
"SQ7654908","Perfect Dark - Ground - Fine","","13.0","13.0","Retail Coffee","","","","","","","","","","","","","","","","","TRUE","","TRUE"
"SQ7671422","Kenya Kiunyu - Ground - Medium","","13.0","13.0","Retail Coffee","","","","","","","","","","","","","","","","","TRUE","","TRUE"
"SQ7844256","Creation Coffee T-shirt - XL","","","","Merch","","","","","","","","","","","","","","","","","TRUE","","TRUE"
"SQ8014504","Costa Rica Beneficio Honey - Whole Bean","","13.0","13.0","Retail Coffee","","","","","","","","","","","","","","","","","TRUE","","TRUE"
"SQ8086482","Holiday Release Coffee - Ground - Coarse","","13.0","13.0","Retail Coffee","","","","","","","","","","","","","","","","","TRUE","","TRUE"
"SQ8202588","Baratza Sette 270 WI -","","","","Commercial Equipment","","","","","","","","","","","","","","","","","TRUE","","TRUE"
"SQ8247834","Mug & Holiday Release Gift Box - Whole","","","","Packages/Specials","","","","","","","","","","","","","","","","","TRUE","","TRUE"
"SQ8433368","Creation Exploration Box - Whole","","","","Packages/Specials","","","","","","","","","","","","","","","","","TRUE","","TRUE"
"SQ8433368","Creation Exploration Box - Whole","","","","Packages/Specials","","","","","","","","","","","","","","","","","TRUE","","TRUE"
"SQ8453582","Creation Coffee T-shirt - M","","","","Merch","","","","","","","","","","","","","","","","","TRUE","","TRUE"
"SQ8533567","Great Lakes Loons Blend - Ground - Fine","","13.0","13.0","Retail Coffee","","","","","","","","","","","","","","","","","TRUE","","TRUE"
"SQ8637668","Great Lakes Loons Blend - Ground - Coarse","","13.0","13.0","Retail Coffee","","","","","","","","","","","","","","","","","TRUE","","TRUE"
"SQ8644316","Creation Exploration Box - Ground -Coarse","","","","Packages/Specials","","","","","","","","","","","","","","","","","TRUE","","TRUE"
"SQ8682666","Holiday Gift Box - Ground â€“ Fine","","","","Packages/Specials","","","","","","","","","","","","","","","","","TRUE","","TRUE"
"SQ9024462","Perfect Dark - Ground - Coarse","","13.0","13.0","Retail Coffee","","","","","","","","","","","","","","","","","TRUE","","TRUE"
"SQ9169229","Bonavita Gooseneck Kettle - Variable Temp Electric","","","","Commercial Equipment","","","","","","","","","","","","","","","","","TRUE","","TRUE"
"SQ9309477","Toddy Cold Brew System -","","","","Commercial Equipment","","","","","","","","","","","","","","","","","TRUE","","TRUE"
"SQ9420399","Bonavita Gooseneck Kettle - Electric","","","","Commercial Equipment","","","","","","","","","","","","","","","","","TRUE","","TRUE"
"SQ9561660","Ten Generation - Whole Bean / 12 oz","","13.0","13.0","Retail Coffee","","","","","","","","","","","","","","","","","TRUE","","TRUE"
"SQ9561660","Ten Generation - Whole Bean / 12 oz","","13.0","13.0","Retail Coffee","","","","","","","","","","","","","","","","","TRUE","","TRUE"
"SQ9561660","Ten Generation - Whole Bean / 12 oz","","13.0","13.0","Retail Coffee","","","","","","","","","","","","","","","","","TRUE","","TRUE"
"SQ9610644","Perfect Dark - Whole Bean","","13.0","13.0","Retail Coffee","","","","","","","","","","","","","","","","","TRUE","","TRUE"
"SQ9643494","Baratza Encore Grinder -","","","","Commercial Equipment","","","","","","","","","","","","","","","","","TRUE","","TRUE"
"SQ9738768","Perfect Dark - 5 lb Bag - Whole Bean","","82.0","82.0","Bulk Coffee","","","","","","","","","","","","","","","","","TRUE","","TRUE"
"SQ9794227","Creation Coffee T-shirt - L","","","","Merch","","","","","","","","","","","","","","","","","TRUE","","TRUE"
"SQ9819175","Ultimate Gift Box - Whole / M","","","","Packages/Specials","","","","","","","","","","","","","","","","","TRUE","","TRUE"
"TG-12Z-WHL","Ten Generation Size: 12oz, Grind: Whole","","13.0","13.0","Retail Coffee","","","","","","","","","","","","","","","","","TRUE","","TRUE"
"TG-5LB-GRN","Ten Generation Size: 5lb, Grind: Ground","","82.0","82.0","Bulk Coffee","","","","","","","","","","","","","","","","","TRUE","","TRUE"
"TG-5LB-WHL","Ten Generation Size: 5lb, Grind: Whole","","82.0","82.0","Bulk Coffee","","","","","","","","","","","","","","","","","TRUE","","TRUE"
